{
  "peliculas": [
    {
      "id": 1,
      "nombre": "El sexto sentido"
    },
    {
      "id": 2,
      "nombre": "Pulp Fiction"
    },
    {
      "id": 3,
      "nombre": "Todo Sobre Mi Madre"
    },
    {
      "id": 4,
      "nombre": "300"
    },
    {
      "id": 5,
      "nombre": "El silencio de los corderos"
    },
    {
      "id": 6,
      "nombre": "Forrest Gump"
    },
    {
      "id": 7,
      "nombre": "Las Hurdes"
    }],
  "pelicula": [
    {
      "id": 1,
      "nombre": "El sexto sentido",
      "director": "M. Night Shyamalan",
      "clasificacion": 1,
      "valoracion": 4,
      "cartel": "El_sexto_sentido.jpeg"
    },
    {
      "id": 2,
      "nombre": "Pulp Fiction",
      "director": "Tarantino",
      "clasificacion": 4,
      "valoracion": 5,
      "cartel": "Pulp_Fiction.jpeg"
    },
    {
      "id": 3,
      "nombre": "Todo Sobre Mi Madre",
      "director": "Almodobar",
      "clasificacion": 1,
      "valoracion": 4,
      "cartel": "Todo_sobre_mi_madre.jpeg"
    },
    {
      "id": 4,
      "nombre": "300",
      "director": "Zack Snyder",
      "clasificacion": 4,
      "valoracion": 3,
      "cartel": "300.jpeg"
    },
    {
      "id": 5,
      "nombre": "El silencio de los corderos",
      "director": "Jonathan Demme",
      "clasificacion": 1,
      "valoracion": 3,
      "cartel": "El_silencio_de_los_corderos.jpeg"
    },
    {
      "id": 6,
      "nombre": "Forrest Gump",
      "director": "Robert Zemeckis",
      "clasificacion": 2,
      "valoracion": 2,
      "cartel": "Forrest_Gump.jpeg"
    },
    {
      "id": 7,
      "nombre": "Las Hurdes",
      "director": "Luis Buñuel",
      "clasificacion": 3,
      "valoracion": 4,
      "cartel": "Las_Hurdes.jpeg"
    }
  ],
  "clasificaciones": [
    {
      "nombre": "Drama",
      "id": 1
    },
    {
      "nombre": "Comedia",
      "id": 2
    },
    {
      "nombre": "Documental",
      "id": 3
    },
    {
      "nombre": "Acción",
      "id": 4
    }
  ]
}
